# Conversion of areatags to newsgroups (with distribution) and back.
# AREA    newsgroup       distribution    moderator

# If you compile with -DJE, the format is:
# AREA    newsgroup       distribution    rfc-charset    FTN-CHRS    moderator
#
# "rfc-charset" is the charset used in the rfc (usenet/email) side. It must
# be in the format used in MIME headers (ex: iso-8859-1, koi8-r, EUC-kr,...)
# "FTN-CHRS" is the charset used in the FTN side. It must be in the format
# used in ^aCHRS: kludges, whitout de level number (ex: LATIN-1, KOI8, EUC-KR)
# See file README.charset for a list of recognized rfc-charset and FTN-CHRS

# "moderator" is an rfc address to create correct "Approved:" lines for
# FTN read-only areas defined as "Moderated" in the rfc side. And whose
# moderator is in the FTN side; so he/she doesn't has to worry about.
# exemple (with -DJE):
#
#COMERZ  fido.commerz  world  iso-8859-1  CP437  Jan.Smith@f1.n2.z3.fidonet.org	

# Fido R48

3D.POL			fido.pol.3d		fido
8BIT.POL		fido.pol.8bit		fido		
ADMIN.POL		fido.pol.admin		fido
AMIGA.POL		fido.pol.amiga		fido
AMIGASCENE.POL		fido.pol.amigascene	fido
ANGELUS.POL		fido.pol.angelus	fido		
ANIMALS.POL		fido.pol.animals	fido		
ANIME-MANGA.POL		fido.pol.anime-manga	fido
ANSI_ASCII.POL		fido.pol.ansi_ascii	fido
ASSEMBLER.POL		fido.pol.assembler	fido
ATARI.POL		fido.pol.atari		fido
AUDIOVIDEO.POL		fido.pol.audiovideo	fido		
AUTO.POL		fido.pol.auto		fido		
AVX.POL			fido.pol.avx		fido
BABY.POL		fido.pol.baby		fido		
BACHORKI.POL		fido.pol.bachorki	fido
BEZ_DRUTU.POL		fido.pol.bez_drutu	fido		
BIOLCHEM.POL		fido.pol.biolchem	fido
BOOKZ.POL		fido.pol.bookz		fido		
BUY_SELL.POL		fido.pol.buy_sell	fido		
CARTOON.POL		fido.pol.cartoon	fido
CLIPPER.POL		fido.pol.clipper	fido
COOKERY.POL		fido.pol.cookery	fido		
CPLUSPLUS.POL		fido.pol.cplusplus	fido		
CRYPTO.POL		fido.pol.crypto		fido
DEMATECH.POL		fido.pol.dematech	fido
DEUTSCH.POL		fido.pol.deutsch	fido
DRINKS.POL		fido.pol.drinks		fido		
DRUGS.POL		fido.pol.drugs		fido		
DTP.POL			fido.pol.dtp		fido
DZIADY.POL		fido.pol.dziady		fido		
ECHOPOL48.POL		fido.pol.echopol48	fido
EKOLOGIA.POL		fido.pol.ekologia	fido
ELEKTRO.POL		fido.pol.elektro	fido		
ELITE.POL		fido.pol.elite		fido
ENGLISH.POL		fido.pol.english	fido		
FAQPL.POL		fido.pol.faqpl		fido
FE_HELP.POL		fido.pol.fe_help	fido
FILEFIND.POL		fido.pol.filefind	fido
FILENET.POL		fido.pol.filenet	fido
FIRMA.POL		fido.pol.firma		fido		
FMAIL.POL		fido.pol.fmail		fido
FOTO.POL		fido.pol.foto		fido
FOXPRO.POL		fido.pol.foxpro		fido
GAZETA.POL		fido.pol.gazeta		fido
GITARA.POL		fido.pol.gitara		fido
GRY.BITEWNE.POL		fido.pol.gry.bitewne	fido
GRY.DECK.POL		fido.pol.gry.deck	fido		
GRY.POL			fido.pol.gry		fido
GRY.RPG.POL		fido.pol.gry.rpg	fido		
GSM.POL			fido.pol.gsm		fido
HYDEPARK.POL		fido.pol.hydepark	fido		
INFO.POL		fido.pol.info		fido		
INFORMATYKA.POL		fido.pol.informatyka	fido
INTERNET.POL		fido.pol.internet	fido		
KAWALY.POL		fido.pol.kawaly		fido		
KIDS.POL		fido.pol.kids		fido
KINO.POL		fido.pol.kino		fido		
KONKURSY.POL		fido.pol.konkursy	fido
KOSMOS.POL		fido.pol.kosmos		fido
LAMERS.POL		fido.pol.lamers		fido		
LEGAL.POL		fido.pol.legal		fido
LINGUA.POL		fido.pol.lingua		fido
LINUX.POL		fido.pol.linux		fido		
MAC.POL			fido.pol.mac		fido
MATURA.POL		fido.pol.matura		fido
MEDIA.POL		fido.pol.media		fido
MEDICO.POL		fido.pol.medico		fido
MM.POL			fido.pol.mm		fido 
MODEMY.POL		fido.pol.modemy		fido		
MUZKOMP.POL		fido.pol.muzkomp	fido
MUZYKA.POL		fido.pol.muzyka		fido		
NAUKA.POL		fido.pol.nauka		fido
NBA.POL			fido.pol.nba		fido
NET_DEV.POL		fido.pol.net_dev	fido
OS2.POL			fido.pol.os2		fido
PASCAL.POL		fido.pol.pascal		fido		
PODATKI.POL		fido.pol.podatki	fido		
POEZJA.POL		fido.pol.poezja		fido
POLECHO.POL		fido.pol.polecho	fido		
POLICY.POL		fido.pol.policy		fido
POL_DEV.POL		fido.pol.pol_dev	fido		
POL_TEL.POL		fido.pol.pol_tel	fido		
POL_TIX.POL		fido.pol.pol_tix	fido
PORTAL.POL		fido.pol.portal		fido
PRACA.POL		fido.pol.praca		fido
PROBOARD.POL		fido.pol.proboard	fido
PSYCHOLOGIA.POL		fido.pol.psychologia	fido
R48CHAT.POL		fido.pol.r48chat	fido		
ROCKECHO.POL		fido.pol.rockecho	fido		
ROWERY.POL		fido.pol.rowery		fido
SAMURAJ.POL		fido.pol.samuraj	fido
SEKS.POL		fido.pol.seks		fido		
SFF.POL			fido.pol.sff		fido		
SIECI.POL		fido.pol.sieci		fido		
SOCCER.POL		fido.pol.soccer		fido
SOFTWARE.POL		fido.pol.software	fido		
SOUND.POL		fido.pol.sound		fido
SPORT.POL		fido.pol.sport		fido
STAT.POL		fido.pol.stat		fido
SUBKULTURY.POL		fido.pol.subkultury	fido
SYSOP.POL		fido.pol.sysop		fido		
SYSTEMY.POL		fido.pol.systemy	fido		
T-MAIL.POL		fido.pol.t-mail		fido
TEST.POL		fido.pol.test		fido
TOLKIEN.POL		fido.pol.tolkien	fido
TURYSTYKA.POL		fido.pol.turystyka	fido
TV_SAT.POL		fido.pol.tv_sat		fido
UFO.POL			fido.pol.ufo		fido
VBASIC.POL		fido.pol.vbasic		fido
VIRUS.POL		fido.pol.virus		fido		
WEDKARSTWO.POL		fido.pol.wedkarstwo	fido		
WINDOWS.POL		fido.pol.windows	fido
WOJSKO.POL		fido.pol.wojsko		fido		
WWW.POL			fido.pol.www		fido
ZADANIADOM.POL		fido.pol.zadaniadom	fido

FILEF480.LOC		fido.loc.filef480	fido
GALECHO.LOC		fido.loc.galecho	fido
REZYDENCI.LOC		fido.loc.rezydenci	fido
SYSOP480.LOC		fido.loc.sysop480	fido		
U_BORYNY.LOC		fido.loc.u_boryny	fido		
DER.BRESLAUER.TSCHATT	fido.loc.der.breslauer.tschatt	fido

BBBS.POINTS		fido.points.bbbs	fido
BVB.DOWNLINKS		fido.downlinks.bvb	fido
HOA.MAIL		fido.mail.hoa		fido		
KRAP.MAIL		fido.mail.krap		fido		
TERROR.CHAT		fido.chat.terror	fido		
TERROR.MAIL		fido.mail.terror	fido

BEBOP.CHAT.PVT		fido.pvt.chat.bebop	fido
HACKERS.PVT		fido.pvt.hackers	fido
KOMERCJA.PVT		fido.pvt.komercja	fido
OBLECHY.PVT		fido.pvt.oblechy	fido
RAP.PVT			fido.pvt.rap		fido
POINTS_25.PRV		fido.pvt.points_25	fido

IZA.TOC			fido.toc.iza		fido

# Dodatkowe konferencje w 2:480/33
33.POINTS		fido.33.points		fido
484.8.LINKS		fido.484.8.links	fido
484.FIDO		fido.484.fido		fido
484.NET			fido.484.net		fido
AMIGA.FIDO.POL		fido.pol.amiga.fido	fido
COREWARS.POL		fido.pol.corewars	fido
DOORS.POL		fido.pol.doors		fido
EOS-L			fido.eos-l		fido
ESPERANTO		fido.esperanto		fido
FILEF480.POL		fido.pol.filef480	fido
FLEA.GER		fido.ger.flea		fido
GRAPHICS.POL		fido.pol.graphics	fido
HARCERSTWO.POL		fido.pol.harcerstwo	fido
IBMPC			fido.ibmpc		fido
INTYMATE.POL		fido.pol.intymate	fido
KIDS-91			fido.kids-91		fido
MEDFORUM.POL		fido.pol.medforum	fido
MIDI-PROGRAMMING	fido.midi-programming	fido
NIKON-L			fido.nikon-l		fido
PALMTOPS.POL		fido.pol.palmtops	fido
#	PL.INTERNET.OGLOSZENIA	pl.internet.ogloszenia	world
#	PL.REC.GRY.RPL		pl.rec.gry.rpl		world
#	PL.REC.SOC.INWALIDZI
#	PL.REC.SOC.WEGETARIANIZM
POINT.49		fido.49.point		fido
POL-BRIT		fido.pol-brit		fido
POLSKA.GEN		fido.gen.polska		fido
PRAKTYCY.POL		fido.pol.praktycy	fido
SIR.TENLEY.POL		fido.pol.sir.tenley	fido
#	SOC.CULUTURE.POLISH	
SUPPORT.POL		fido.pol.support	fido
TPWTECH			fido.tpwtech		fido
WIRUSAT.POINT		fido.wirusat.point	fido
ZAJAC.PVT		fido.pvt.zajac		fido
ZEGLARSTWO.POL		fido.pol.zeglarstwo	fido
ZMODEM			fido.zmodem


# piwonet

PIWONET.CHAT		piwonet.chat		piwo		
PIWONET.FILES		piwonet.files		piwo		
PIWONET.KOORD		piwonet.koord		piwo		
PIWONET.TEST		piwonet.test		piwo		

# comp.*

COMP.DATABASES.SYBASE		comp.databases.sybase		world
COMP.GRAPHICS.API.OPENGL	comp.graphics.api.opengl	world
COMP.GRAPHICS.APPS.ALIAS	comp.graphics.apps.alias	world
COMP.GRAPHICS.APPS.WAVEFRONT	comp.graphics.apps.wavefront	world
COMP.LANG.C++			comp.lang.c++			world
COMP.OS.OS2.MARKETPLACE		comp.os.os2.marketplace		world
COMP.SOURCES.HP48		comp.sources.hp48		world
COMP.SYS.AMIGA			comp.sys.amiga			world
COMP.SYS.AMIGA.ADVOCACY		comp.sys.amiga.advocacy		world
COMP.SYS.AMIGA.ANNOUNCE		comp.sys.amiga.announce		world
COMP.SYS.AMIGA.APPLICATIONS	comp.sys.amiga.applications	world
COMP.SYS.AMIGA.AUDIO		comp.sys.amiga.audio		world
COMP.SYS.AMIGA.CD32		comp.sys.amiga.cd32		world
COMP.SYS.AMIGA.DATACOM		comp.sys.amiga.datacomm		world
COMP.SYS.AMIGA.EMULATIONS	comp.sys.amiga.emulations	world
COMP.SYS.AMIGA.GAMES		comp.sys.amiga.games		world
COMP.SYS.AMIGA.GRAPHICS		comp.sys.amiga.graphics		world
COMP.SYS.AMIGA.HARDWARE		comp.sys.amiga.hardware		world
COMP.SYS.AMIGA.INTRODUCTION	comp.sys.amiga.introduction	world
COMP.SYS.AMIGA.MARKETPLACE	comp.sys.amiga.marketplace	world
COMP.SYS.AMIGA.MISC		comp.sys.amiga.misc		world
COMP.SYS.AMIGA.MULTIMEDIA	comp.sys.amiga.multimedia	world
COMP.SYS.AMIGA.NETWORKING	comp.sys.amiga.networking	world
COMP.SYS.AMIGA.PROGRAMMER	comp.sys.amiga.programmer	world
COMP.SYS.AMIGA.REVIEWS		comp.sys.amiga.reviews		world
COMP.SYS.AMIGA.TECH		comp.sys.amiga.tech		world
COMP.SYS.AMIGA.UUCP		comp.sys.amiga.uucp		world
COMP.SYS.AMSTRAD.8BIT		comp.sys.amstrad.8bit		world
COMP.SYS.ATARI.8BIT		comp.sys.atari.8bit		world		
COMP.SYS.HP48			comp.sys.hp48			world
COMP.SYS.INTERGRAPH		comp.sys.intergraph		world
COMP.SYS.MAC.APPS		comp.sys.mac.apps		world
COMP.SYS.SGI.ADMIN		comp.sys.sgi.admin		world
COMP.SYS.SGI.APPS		comp.sys.sgi.apps		world
COMP.SYS.SGI.AUDIO		comp.sys.sgi.audio		world
COMP.SYS.SGI.BUGS		comp.sys.sgi.bugs		world
COMP.SYS.SGI.GRAPHICS		comp.sys.sgi.graphics		world
COMP.SYS.SGI.HARDWARE		comp.sys.sgi.hardware		world
COMP.SYS.SGI.MARKETPLACE	comp.sys.sgi.marketplace	world
COMP.SYS.SGI.MISC		comp.sys.sgi.misc		world
COMP.SYS.SINCLAIR		comp.sys.sinclair		world

# pl.*

BRAMKA.POL			pl.fidonet.bramka		world		

PL.ANNOUNCE.NEWGROUPS		pl.announce.newgroups		world	
PL.ANSWERS			pl.answers			world	
PL.BIZNES			pl.biznes			world
PL.BIZNES.BANKI			pl.biznes.banki			world
PL.COMP.BAZY-DANYCH		pl.comp.bazy-danych		world		
PL.COMP.DTP			pl.comp.dtp			world		
PL.COMP.DTP.TEX			pl.comp.dtp.tex			world
PL.COMP.DTP.TEX.GUST		pl.comp.dtp.tex.gust		world
PL.COMP.GRAFIKA			pl.comp.grafika			world
PL.COMP.INTRANET		pl.comp.intranet		world
PL.COMP.LANG.C			pl.comp.lang.c			world
PL.COMP.LANG.DELPHI		pl.comp.lang.delphi		world
PL.COMP.LANG.JAVA		pl.comp.lang.java		world		
PL.COMP.LANG.PERL		pl.comp.lang.perl		world		
PL.COMP.LANG.VBASIC		pl.comp.lang.vbasic		world
PL.COMP.MAIL			pl.comp.mail			world
PL.COMP.MAIL.MTA		pl.comp.mail.mta		world
PL.COMP.NETWORKING		pl.comp.networking		world		
PL.COMP.NOWE-PROGRAMY		pl.comp.nowe-programy		world
PL.COMP.OBJECTS			pl.comp.objects			world		
PL.COMP.OGONKI			pl.comp.ogonki			world		
PL.COMP.OS.ADVOCACY		pl.comp.os.advocacy		world
PL.COMP.OS.FREEBSD		pl.comp.os.freebsd		world
PL.COMP.OS.HP-UX		pl.comp.os.hp-ux		world		
PL.COMP.OS.LINUX		pl.comp.os.linux		world		
PL.COMP.OS.OS2			pl.comp.os.os2			world		
PL.COMP.OS.UNIX			pl.comp.os.unix			world
PL.COMP.OS.WIN3			pl.comp.os.win3			world		
PL.COMP.OS.WIN95		pl.comp.os.win95		world		
PL.COMP.OS.WINNT		pl.comp.os.winnt		world		
PL.COMP.PECET			pl.comp.pecet			world		
PL.COMP.PROGRAMMING		pl.comp.programming		world		
PL.COMP.SECURITY		pl.comp.security		world		
PL.COMP.SYS.AMIGA		pl.comp.sys.amiga		world		
PL.COMP.SYS.ATARI		pl.comp.sys.atari		world
PL.COMP.SYS.MACINTOSH		pl.comp.sys.macintosh		world
PL.COMP.SYS.NOVELL		pl.comp.sys.novell		world		
PL.COMP.SYS.PC-UNIX		pl.comp.sys.pc-unix		world		
PL.COMP.SYS.PC-UNIX.LINUX	pl.comp.sys.pc-unix.linux	world		
PL.COMP.SYS.SUN.ADMIN		pl.comp.sys.sun.admin		world		
PL.COMP.SYS.XWINDOW		pl.comp.sys.xwindow		world
PL.COMP.TLUMACZENIA		pl.comp.tlumaczenia		world
PL.COMP.WWW			pl.comp.www			world		
PL.COMP.WWW.NOWE-STRONY		pl.comp.www.nowe-strony		world
PL.GAZETY.DONOSY		pl.gazety.donosy		world
PL.GAZETY.DYRDYMALKI		pl.gazety.dyrdymalki		world
PL.GAZETY.GAZETA		pl.gazety.gazeta		world
PL.GRY.MUD			pl.gry.mud			world		
PL.GRY.RPG			pl.gry.rpg			world		
PL.HUM.POEZJA			pl.hum.poezja			world
PL.HUM.TLUMACZENIA		pl.hum.tlumaczenia		world
PL.INTERNET.KOMUNIKATY		pl.internet.komunikaty		world		
PL.INTERNET.NOWOSCI		pl.internet.nowosci		world
PL.IRC				pl.irc				world		
PL.LISTSERV.CHOMOR-L		pl.listserv.chomor-l		world		
PL.LISTSERV.DZIENNIKARZ		pl.listserv.dziennikarz		world		
PL.LISTSERV.GIELDA		pl.listserv.gielda		world		
PL.LISTSERV.PLOTKI		pl.listserv.plotki		world		
PL.LISTSERV.POLIP		pl.listserv.polip		world		
PL.LISTSERV.POLWRO		pl.listserv.polwro		world		
PL.LISTSERV.SF-F		pl.listserv.sf-f		world		
PL.LISTSERV.WROCLAW		pl.listserv.wroclaw		world		
PL.MISC.BUDOWANIE		pl.misc.budowanie		world
PL.MISC.ELEKTRONIKA		pl.misc.elektronika		world		
PL.MISC.KOLEJ			pl.misc.kolej			world
PL.MISC.MILITARIA		pl.misc.militaria		world
PL.MISC.PARANAUKI		pl.misc.paranauki		world
PL.MISC.SAMOCHODY		pl.misc.samochody		world		
PL.MISC.TELEFONIA		pl.misc.telefonia		world
PL.MISC.TELEFONIA.GSM		pl.misc.telefonia.gsm		world
PL.MISC.TELEFONIA.ISDN		pl.misc.telefonia.isdn		world
PL.MISC.TRANSPORT		pl.misc.transport		world
PL.NEWS.ADMIN			pl.news.admin			world		
PL.NEWS.NOWE-GRUPY		pl.news.nowe-grupy		world
PL.OGLOSZENIA.KUPIE		pl.ogloszenia.kupie		world		
PL.OGLOSZENIA.ROZNE		pl.ogloszenia.rozne		world		
PL.OGLOSZENIA.SPRZEDAM		pl.ogloszenia.sprzedam		world		
PL.ORG.PSI			pl.org.psi			world
PL.PRACA.DYSKUSJE		pl.praca.dyskusje		world
PL.PRACA.OFEROWANA		pl.praca.oferowana		world		
PL.PRACA.SZUKANA		pl.praca.szukana		world		
PL.PREGIERZ			pl.pregierz			world
PL.REC.ANIME			pl.rec.anime			world
PL.REC.AUDIO			pl.rec.audio			world
PL.REC.FILM			pl.rec.film			world		
PL.REC.FILM.ANIMOWANY		pl.rec.film.animowany		world
PL.REC.FOTO			pl.rec.foto			world		
PL.REC.GRY.KARCIANE		pl.rec.gry.karciane		world		
PL.REC.GRY.KOMPUTEROWE		pl.rec.gry.komputerowe		world		
PL.REC.GRY.KOMPUTEROWE.SPRZET	pl.rec.gry.komputerowe.sprzet	world
PL.REC.GRY.KONSOLE		pl.rec.gry.konsole		world
PL.REC.GRY.MUD			pl.rec.gry.mud			world
PL.REC.GRY.RPG			pl.rec.gry.rpg			world
PL.REC.GRY.STRATEGICZNE		pl.rec.gry.strategiczne		world
PL.REC.GRY.SZACHY		pl.rec.gry.szachy		world
PL.REC.HIHOT			pl.rec.hihot			world		
PL.REC.HUMOR.NAJLEPSZE		pl.rec.humor.najlepsze		world
PL.REC.KSIAZKI			pl.rec.ksiazki			world		
PL.REC.KUCHNIA			pl.rec.kuchnia			world		
PL.REC.MODELARSTWO		pl.rec.modelarstwo		world
PL.REC.MOTOCYKLE		pl.rec.motocykle		world
PL.REC.MUZYKA			pl.rec.muzyka			world		
PL.REC.MUZYKA.BIN		pl.rec.muzyka.bin		world
PL.REC.MUZYKA.GITARA		pl.rec.muzyka.gitara		world
PL.REC.MUZYKA.JAZZ		pl.rec.muzyka.jazz		world
PL.REC.MUZYKA.TECHNO		pl.rec.muzyka.techno		world
PL.REC.NURKOWANIE		pl.rec.nurkowanie		world
PL.REC.PARALOTNIE		pl.rec.paralotnie		world		
PL.REC.RADIO			pl.rec.radio			world		
PL.REC.RADIO.AMATORSKIE		pl.rec.radio.amatorskie		world
PL.REC.RADIO.CB			pl.rec.radio.cb			world
PL.REC.ROWERY			pl.rec.rowery			world		
PL.REC.SPORT			pl.rec.sport			world		
PL.REC.SPORT.KOSZYKOWKA		pl.rec.sport.koszykowka		world
PL.REC.SPORT.PILKA-NOZNA	pl.rec.sport.pilka-nozna	world
PL.REC.TELEWIZJA		pl.rec.telewizja		world
PL.REC.TRAVEL			pl.rec.travel			world		
PL.REC.ZBIERACTWO		pl.rec.zbieractwo		world
PL.REC.ZEGLARSTWO		pl.rec.zeglarstwo		world		
PL.REC.ZEGLARSTWO.SZANTY	pl.rec.zeglarstwo.szanty	world
PL.REC.ZWIERZAKI		pl.rec.zwierzaki		world
PL.REGIONALNE.KRAKOW		pl.regionalne.krakow		world
PL.REGIONALNE.WARSZAWA		pl.regionalne.warszawa		world
PL.SCI.CHEMIA			pl.sci.chemia			world		
PL.SCI.FILOZOFIA		pl.sci.filozofia		world
PL.SCI.FIZYKA			pl.sci.fizyka			world
PL.SCI.HISTORIA			pl.sci.historia			world		
PL.SCI.KOSMOS			pl.sci.kosmos			world
PL.SCI.MATEMATYKA		pl.sci.matematyka		world
PL.SCI.MEDYCYNA			pl.sci.medycyna			world		
PL.SCI.PSYCHOLOGIA		pl.sci.psychologia		world
PL.SOC.DEKADENTYZM		pl.soc.dekadentyzm		world
PL.SOC.DZIECI			pl.soc.dzieci			world
PL.SOC.EDUKACJA			pl.soc.edukacja			world
PL.SOC.EDUKACJA.SZKOLA		pl.soc.edukacja.szkola		world
PL.SOC.INWALIDZI		pl.soc.inwalidzi		world
PL.SOC.POLITYKA			pl.soc.polityka			world		
PL.SOC.POLITYKA.WYBORY		pl.soc.polityka.wybory		world
PL.SOC.PRAWO			pl.soc.prawo			world		
PL.SOC.RELIGIA			pl.soc.religia			world		
PL.SOC.SEKS			pl.soc.seks			world		
PL.SOC.SEKS.TOWARZYSKIE		pl.soc.seks.towarzyskie		world
PL.SOC.WEGETARIANIZM		pl.soc.wegetarianizm		world
PL.SOC.ZIELONI			pl.soc.zieloni			world
PL.TEST				pl.test				world		

# Fido - World

10TH_AMD		fido.10th_amd		fido
12_STEPS		fido.12_steps		fido
1992-NET		fido.1992-net		fido
2000			fido.2000		fido
4DOS			fido.4dos		fido
4X4			fido.4x4		fido
60S_70S_PROGROCK	fido.60s_70s_progrock	fido
80XXX			fido.80xxx		fido
AAOS			fido.aaos		fido
ABLED			fido.abled		fido
ABLENEWS		fido.ablenews		fido
ABORTION		fido.abortion		fido
AD&D			fido.ad_and_d		fido
ADAM			fido.adam		fido
ADAPTEK			fido.adaptek		fido
ADEPTSOFT		fido.adeptsoft		fido
ADEPT_SYSOP		fido.adept_sysop	fido
ADHD			fido.adhd		fido
ADLIB			fido.adlib		fido
ADOPTEES		fido.adoptees		fido
ADS_ANNOUNCE		fido.ads_announce	fido
ADULT_TALK		fido.adult_talk		fido
AGA_AMIGA		fido.aga_amiga		fido
AIDS-HIV		fido.aids-hiv		fido
AIDS.DATA		fido.aids.data		fido
AIDS/ARC		fido.aids_arc		fido
AIRGUN			fido.airgun		fido
ALASKA_CHAT		fido.alaska_chat	fido
ALLFIX_HELP		fido.allfix_help	fido
ALTMED			fido.altmed		fido
ALT_DOS			fido.alt_dos		fido
AMATEUR_RADIO		fido.amateur_radio	fido
AMIGA			fido.amiga		fido
AMIGA.EUR		fido.eur.amiga		fido
AMIGAGAMES		fido.amigagames		fido
AMIGASALE		fido.amigasale		fido
AMIGASOFT		fido.amigasoft		fido
AMIGA_BBS		fido.amiga_bbs		fido
AMIGA_CDROM		fido.amiga_cdrom	fido
AMIGA_COMMS		fido.amiga_comms	fido
AMIGA_FILEFIND		fido.amiga_filefind	fido
AMIGA_INT		fido.amiga_int		fido
AMIGA_LC		fido.amiga_lc		fido
AMIGA_MAGS		fido.amiga_mags		fido
AMIGA_MUSIC		fido.amiga_music	fido
AMIGA_NF		fido.amiga_nf		fido
AMIGA_PROG		fido.amiga_prog		fido
AMIGA_SYSOP		fido.amiga_sysop	fido
AMIGA_UK		fido.amiga_uk		fido
AMSTRAD			fido.amstrad		fido
AMU_HELP		fido.amu_help		fido
AMY_COMMS		fido.amy_comms		fido
AMY_TECH		fido.amy_tech		fido
ANEWS			fido.anews		fido
ANGLING			fido.angling		fido
ANIMAL_DOC		fido.animal_doc		fido
ANIMAL_RIGHTS		fido.animal_rights	fido
ANIME			fido.anime		fido
ANIMED			fido.animed		fido
ANXIETY			fido.anxiety		fido
APOGEE			fido.apogee		fido
APPLE			fido.apple		fido
APWORKS			fido.apworks		fido
AQUARIUM		fido.aquarium		fido
ARCADE			fido.arcade		fido
AREXX			fido.arexx		fido
ARJ			fido.arj		fido
ARROWBRIDGE		fido.arrowbridge	fido
ARTWARE			fido.artware		fido
ASCII_ART		fido.ascii_art		fido
ASIAN_LINK		fido.asian_link		fido
ASKACOP			fido.askacop		fido
ASKACOP2		fido.askacop2		fido
ASKCOPS			fido.askcops		fido
ASK_A_NURSE		fido.ask_a_nurse	fido
ASL			fido.asl		fido
ASP			fido.asp		fido
ASTRONET		fido.astronet		fido
ASTRONOMY		fido.astronomy		fido
ASTRONOMY.029		fido.astronomy-029	fido
AT&T			fido.at_and_t		fido
ATARI			fido.atari		fido		
ATARIST			fido.atarist		fido
ATARI_ST		fido.atari_st		fido
ATM			fido.atm		fido
AUDIO			fido.audio		fido
AUS_GENEALOGY		fido.aus_genealogy	fido
AUTOMOTIVE		fido.automotive		fido
AUTORACE		fido.autorace		fido
AVIATION		fido.aviation		fido
A_CAD			fido.a_cad		fido
A_THEIST		fido.a_theist		fido
BABYLON5		fido.babylon5		fido
BAMA			fido.bama		fido
BARDROOM		fido.bardroom		fido
BASIC7			fido.basic7		fido
BASSGTR			fido.bassgtr		fido
BATPOWER		fido.batpower		fido
BATPOWER_UK		fido.batpower_uk	fido
BB-CARDS		fido.bb-cards		fido
BBC			fido.bbc		fido
BBS-GAMES		fido.bbs-games		fido
BBS-SYSOP		fido.bbs-sysop		fido
BBSCON			fido.bbscon		fido
BBSDOORS		fido.bbsdoors		fido
BBSDOOR_DISCUSSION	fido.bbsdoor_discussion	fido
BBSLAW			fido.bbslaw		fido
BBS_ADS			fido.bbs_ads		fido
BBS_CARNIVAL		fido.bbs_carnival	fido
BBS_DOORS		fido.bbs_doors		fido
BBS_INTERNET		fido.bbs_internet	fido
BBS_USERS		fido.bbs_users		fido
BCAST_RADIO		fido.bcast_radio	fido
BEACH_BOYS		fido.beach_boys		fido
BEAD-JEWEL		fido.bead-jewel		fido
BEATLES			fido.beatles		fido
BGFAX			fido.bgfax		fido
BIBLE			fido.bible		fido
BIBLE-STUDY		fido.bible-study	fido
BIG_SMOKE		fido.big_smoke		fido
BIKE-N-RIDER		fido.bike-n-rider	fido
BIKENET			fido.bikenet		fido
BINKLEY			fido.binkley		fido
BIRDING			fido.birding		fido
BLINDTLK		fido.blindtlk		fido
BLINKTALK		fido.blinktalk		fido
BLUEWAVE		fido.bluewave		fido
BNU			fido.bnu		fido
BOATING			fido.boating		fido
BODYWORK		fido.bodywork		fido
BOFFINS			fido.boffins		fido
BOOKEM			fido.bookem		fido
BRE900			fido.bre900		fido
BRIT_CAR		fido.brit_car		fido
BROADCAST		fido.broadcast		fido
BT-XE			fido.bt-xe		fido
BUSINESS		fido.business		fido
BUSINESS_UK		fido.business_uk	fido
BUY			fido.buy		fido
C&C			fido.c_and_c		fido
CABLE_MODEMS		fido.cable_modems	fido
CALLSIGN		fido.callsign		fido
CANACHAT		fido.canachat		fido
CANPOL			fido.canpol		fido
CAN_FREECHAT		fido.can_freechat	fido
CAN_MILITARY		fido.can_military	fido
CAN_SYSLAW		fido.can_syslaw		fido
CARCINOMA		fido.carcinoma		fido
CARDIAC			fido.cardiac		fido
CAROLINA_GEN		fido.carolina_gen	fido
CAR_AUDIO		fido.car_audio		fido
CATS			fido.cats		fido
CBM			fido.cbm		fido
CBM-128			fido.cbm-128		fido
CBM-GEOS		fido.cbm-geos		fido
CB_RADIO		fido.cb_radio		fido
CDOOR			fido.cdoor		fido
CDROM			fido.cdrom		fido
CDROM_SALE		fido.cdrom_sale		fido
CD_ECHO			fido.cd_echo		fido
CELLULAR		fido.cellular		fido
CELLULAR_II		fido.cellular_ii	fido
CFL			fido.cfl		fido
CFORSALE		fido.cforsale		fido
CFS			fido.cfs		fido
CHAMELEON		fido.chameleon		fido
CHANNELS		fido.channels		fido
CHAOS_LANDING		fido.chaos_landing	fido
CHATTER			fido.chatter		fido
CHESS			fido.chess		fido
CHESS_TOURNEY		fido.chess_tourney	fido
CHILD_ABUSE		fido.child_abuse	fido
CHIPSMAG		fido.chipsmag		fido
CHRONIC_PAIN		fido.chronic_pain	fido
CHURCH&STATE		fido.church_and_state	fido
CIRCUS_UK		fido.circus_uk		fido
CIVIL_WAR		fido.civil_war		fido
CIVLIB			fido.civlib		fido
CLARION			fido.clarion		fido
CLASSICAL		fido.classical		fido
CLASSICAL_UK		fido.classical_uk	fido
CLASSIFIEDS		fido.classifieds	fido
CLIMBING		fido.climbing		fido
CLIPPER			fido.clipper		fido
CLONE			fido.clone		fido
CLUB_AMIGA		fido.club_amiga		fido
CMX4SALE		fido.cmx4sale		fido
CNET_BBS		fido.cnet_bbs		fido
COCO			fido.coco		fido
COFFEE_KLATSCH		fido.coffee_klatsch	fido
COLLECTABLES		fido.collectables	fido
COLLEGE			fido.college		fido
COLLEGE_SINGLES		fido.college_singles	fido
COMICS			fido.comics		fido
COMM			fido.comm		fido
COMMS_UK		fido.comms_uk		fido
COMPRESS		fido.compress		fido
COMPUSALE		fido.compusale		fido
CONCORD			fido.concord		fido
CONFED_HERITAGE		fido.confed_heritage	fido
CONSOLES		fido.consoles		fido
CONSPRCY		fido.consprcy		fido
CONSTITUTIONAL		fido.constitutional	fido
CONSUMER_REPORT		fido.consumer_report	fido
CONSUMER_VIEW		fido.consumer_view	fido
CONTACT_WORLD_LINK	fido.contact_world_link	fido
COOKING			fido.cooking		fido
CORELDRAW		fido.coreldraw		fido
COUNTRY			fido.country		fido
CPMTECH			fido.cpmtech		fido
CRAFTING		fido.crafting		fido
CRAFTING-FORSALE	fido.crafting-forsale	fido
CREATIVE_ARTS		fido.creative_arts	fido
CRICKET_ECHO		fido.cricket_echo	fido
CROSS-STITCHING		fido.cross-stitching	fido
CYCLONE			fido.cyclone		fido
C_ECHO			fido.c_echo		fido
C_PLUSPLUS		fido.c_plusplus		fido
DADS			fido.dads		fido
DBASE			fido.dbase		fido
DBRIDGE			fido.dbridge		fido
DEAR_DIARY		fido.dear_diary		fido
DEBATE			fido.debate		fido
DELPHI			fido.delphi		fido
DESQVIEW		fido.desqview		fido
DEUTSCH			fido.deutsch		fido
DIABETES		fido.diabetes		fido
DIARIST			fido.diarist		fido
DIETING			fido.dieting		fido
DIRTY_DOZEN		fido.dirty_dozen	fido
DISASTERS		fido.disasters		fido
DISNEY			fido.disney		fido
DIY			fido.diy		fido
DJ			fido.dj			fido
DLG_INFO		fido.dlg_info		fido
DLG_SUPPORT		fido.dlg_support	fido
DND			fido.dnd		fido
DOGHOUSE		fido.doghouse		fido
DOG_FANCIERS		fido.dog_fanciers	fido
DOOM			fido.doom		fido
DOORGAMES		fido.doorgames		fido
DOORWARE		fido.doorware		fido
DOS_INTERNET		fido.dos_internet	fido
DREAMS			fido.dreams		fido
DRIVING			fido.driving		fido
DR_DEBUG		fido.dr_debug		fido
DTP			fido.dtp		fido
DUNE			fido.dune		fido
ECHOLIST		fido.echolist		fido
ECHOMAC			fido.echomac		fido
ECHOPOL2		fido.echopol2		fido
ECHOREVIEWS		fido.echoreviews	fido
ECHO_ADS		fido.echo_ads		fido
ECHO_REQ		fido.echo_req		fido
ECOLOGY			fido.ecology		fido
ECPROG			fido.ecprog		fido
EC_SUPPORT		fido.ec_support		fido
EC_UTIL			fido.ec_util		fido
EDGE_ONLINE		fido.edge_online	fido
ELECTRONICS		fido.electronics	fido
EMBEDDED		fido.embedded		fido
EMS			fido.ems		fido
EMULATE			fido.emulate		fido
ENET.SOFT		fido.enet.soft		fido		
ENET.SYSOP		fido.enet.sysop		fido		
ENTREPRENEUR		fido.entrepreneur	fido
ENVIRON			fido.environ		fido
EP-ANNOUNCE		fido.ep-announce	fido
EQUUS			fido.equus		fido
ER			fido.er			fido
ESPRIT			fido.esprit		fido
ET_SIGHTINGS		fido.et_sightings	fido
EVOLUTION		fido.evolution		fido
E_ECHO			fido.e_echo		fido
FANTASY.281		fido.fantasy-281	fido
FARMING			fido.farming		fido
FAROUT			fido.farout		fido
FCC			fido.fcc		fido
FDECHO			fido.fdecho		fido
FDN_ANNOUNCE		fido.fdn_announce	fido
FEMINISM		fido.feminism		fido
FE_HELP			fido.fe_help		fido
FIBROM			fido.fibrom		fido
FIDOECHOPOL		fido.fidoechopol	fido
FIDOGEN			fido.fidogen		fido
FIDONEWS		fido.fidonews		fido
FILEFIND		fido.filefind		fido
FILES			fido.files		fido
FILE_MOVERS		fido.file_movers	fido
FILE_REQ		fido.file_req		fido
FILK			fido.filk		fido
FILM			fido.film		fido
FIREARMS		fido.firearms		fido
FISHING			fido.fishing		fido
FLAME			fido.flame		fido
FLAT_TAX		fido.flat_tax		fido
FLYING			fido.flying		fido
FMAIL_HELP		fido.fmail_help		fido
FNOS_HELP		fido.fnos_help		fido
FN_SYSOP		fido.fn_sysop		fido
FOR-SALE		fido.for-sale		fido
FOXPRO			fido.foxpro		fido
FRANCAIS		fido.francais		fido
FRANCENET		fido.francenet		fido
FREE2000		fido.free2000		fido
FREEMAIL		fido.freemail		fido
FREEMASON		fido.freemason		fido
FREE_BIBLE		fido.free_bible		fido
FREE_SPEECH		fido.free_speech	fido
FRIENDS			fido.friends		fido
FRONTDOOR_APX		fido.frontdoor_apx	fido
FRONTIER		fido.frontier		fido
FS			fido.fs			fido
FTN_INTERNET		fido.ftn_internet	fido
FTN_PROGS		fido.ftn_progs		fido
FTP_FIDO		fido.ftp_fido		fido
FTSC_PUBLIC		fido.ftsc_public	fido
FUNNY			fido.funny		fido
F_SYSLNGE		fido.f_syslnge		fido
GAF.CHAT		fido.chat.gaf		fido
GAMEDEV			fido.gamedev		fido
GAMING			fido.gaming		fido
GAYLINK			fido.gaylink		fido
GAYNEWS			fido.gaynews		fido
GAYTEEN			fido.gayteen		fido
GAY_FAITH		fido.gay_faith		fido
GAY_PRIDE		fido.gay_pride		fido
GECHO_HELP		fido.gecho_help		fido
GENDATA			fido.gendata		fido
GENDER			fido.gender		fido
GENEALOGY		fido.genealogy		fido
GENEALOGY.CDN		fido.genealogy.cdn	fido
GENEALOGY.EUR		fido.eur.genealogy	fido
GENE_CHAT		fido.gene_chat		fido
GENSOFT			fido.gensoft		fido
GENSYSOP		fido.gensysop		fido
GEN_RES			fido.gen_res		fido
GEOWORKS		fido.geoworks		fido
GIGO			fido.gigo		fido
GOLDED			fido.golded		fido
GOLDED.BETA		fido.golded.beta	fido
GOP_POLITICS		fido.gop_politics	fido
GOTHIC.UK		fido.gothic.uk		fido
GOURMET			fido.gourmet		fido
GRAMPS_ECHO		fido.gramps_echo	fido
GRAND_PRIX		fido.grand_prix		fido
GRAPHICS		fido.graphics		fido
GREEN.029		fido.green.029		fido
GUITAR			fido.guitar		fido
GUNS			fido.guns		fido
GUN_CONTROL		fido.gun_control	fido
HAM			fido.ham		fido
HAM-ECHO		fido.ham-echo		fido
HAM-SALE		fido.ham-sale		fido
HAM_REQ			fido.ham_req		fido
HAM_TECH		fido.ham_tech		fido
HAPPY_HARDCORE		fido.happy_hardcore	fido
HARDWARE		fido.hardware		fido
HAYES			fido.hayes		fido
HDCONF			fido.hdconf		fido
HDSALE			fido.hdsale		fido
HDTV			fido.hdtv		fido
HEINLEIN		fido.heinlein		fido
HELPLINE		fido.helpline		fido
HERBS-N-SUCH		fido.herbs-n-such	fido
HERMES_SYSOPS		fido.hermes_sysops	fido
HIGHLANDER		fido.highlander		fido
HISTORY			fido.history		fido
HOBBIES			fido.hobbies		fido
HOCKEY			fido.hockey		fido
HOLYSMOKE		fido.holysmoke		fido
HOLY_BIBLE_FCS		fido.holy_bible_fcs	fido
HOME-N-GRDN		fido.home-n-grdn	fido
HOMEPOWR		fido.homepowr		fido
HOMESCHL		fido.homeschl		fido
HOME_AUTOMATION		fido.home_automation	fido
HOME_COOKING		fido.home_cooking	fido
HOME_OFFICE		fido.home_office	fido
HOME_REPAIR		fido.home_repair	fido
HOTROD			fido.hotrod		fido
HOT_SITES		fido.hot_sites		fido
HOUFILES		fido.houfiles		fido
HOUSTON_CHAT		fido.houston_chat	fido
HOUSYSOP		fido.housysop		fido
HP			fido.hp			fido
HS_MODEMS		fido.hs_modems		fido
HTMLEDIT		fido.htmledit		fido
HUMOR			fido.humor		fido
I95			fido.i95		fido
IBBSDOOR		fido.ibbsdoor		fido
IBM			fido.ibm		fido
ICEUTILS		fido.iceutils		fido
ICGAL			fido.icgal		fido
IEEE			fido.ieee		fido
IMAGES			fido.images		fido
IMAIL_HELP		fido.imail_help		fido
IM_USER			fido.im_user		fido
INDIAN_AFFAIRS		fido.indian_affairs	fido
INDIE			fido.indie		fido
INFOMAIL		fido.infomail		fido
INTBBS_WK		fido.intbbs_wk		fido
INTERBBS		fido.interbbs		fido
INTERCOOK		fido.intercook		fido
INTERFAITH		fido.interfaith		fido
INTERGREEK		fido.intergreek		fido
INTERNAT		fido.internat		fido
INTERNAT_UK		fido.internat_uk	fido
INTERNET		fido.internet		fido
INTERUSER		fido.interuser		fido
INVEST			fido.invest		fido
IPMAILER		fido.ipmailer		fido
IP_CONNECT		fido.ip_connect		fido
ISDN			fido.isdn		fido
ISDN.EUR		fido.isdn.eur		fido
ITALIANO.GEN		fido.gen.italiano	fido
I_AMSTRAD_8BIT		fido.i_amstrad_8bit	fido		
I_UFO			fido.i_ufo		fido
JDSSOFT			fido.jdssoft		fido
JEWISHGEN		fido.jewishgen		fido
JOURNAL			fido.journal		fido
JUDAICA			fido.judaica		fido
KATTY_KORNER		fido.katty_korner	fido
KERRANG			fido.kerrang		fido
KIDS			fido.kids		fido
KLINGON			fido.klingon		fido
KLINGON_RPG		fido.klingon_rpg	fido
KRAP_LINKS		fido.krap_links		fido
LAN			fido.lan		fido
LAND			fido.land		fido
LANDROVER_UK		fido.landrover_uk	fido
LANTASTI		fido.lantasti		fido
LAW			fido.law		fido
LAW_&_ORDER		fido.law_and_order	fido
LA_CHAT			fido.la_chat		fido
LA_FOR_SALE		fido.la_for_sale	fido
LEGAL_LAW		fido.legal_law		fido
LIBRARY			fido.library		fido
LIB_NW			fido.lib_nw		fido
LIMBAUGH		fido.limbaugh		fido
LINUX			fido.linux		fido
LINUX_UK		fido.linux_uk		fido
LOCAL_MUSIC		fido.local_music	fido
LOGS			fido.logs		fido
LORA			fido.lora		fido
LORD			fido.lord		fido
LORD2_CHAT		fido.lord2_chat		fido
LORD2_IGM		fido.lord2_igm		fido
LORD2_SYSOP		fido.lord2_sysop	fido
LORD_SYSOP		fido.lord_sysop		fido
LORE			fido.lore		fido
LOTUS			fido.lotus		fido
LOVE_&_MARRIAGE		fido.love_and_marriage	fido
LOW-FAT			fido.low-fat		fido
LYRICS			fido.lyrics		fido
MAC4SALE		fido.mac4sale		fido
MACCOMM			fido.maccomm		fido
MACHW			fido.machw		fido
MACSW			fido.macsw		fido
MACSYSOP		fido.macsysop		fido
MAC_TELEFINDER		fido.mac_telefinder	fido
MAGICK			fido.magick		fido
MAIL_80			fido.mail_80		fido
MALUM_PROHIBITUM	fido.malum_prohibitum	fido
MATHS.ACA		fido.maths.aca		fido
MAXDEV			fido.maxdev		fido
MCC_SUPPORT		fido.mcc_support	fido
MCIBTYC			fido.mcibtyc		fido
MCMAIL			fido.mcmail		fido
MDOOR_HELP		fido.mdoor_help		fido
MEADOW			fido.meadow		fido
MEAL-MASTER		fido.meal-master	fido
MECCA			fido.mecca		fido
MED_MOANS		fido.med_moans		fido
MEMORIES		fido.memories		fido
MENSA			fido.mensa		fido
MENS_ISSUES		fido.mens_issues	fido
MENTAL_HEALTH		fido.mental_health	fido
META_UFO		fido.meta_ufo		fido
MEXICAN_LINK		fido.mexican_link	fido
MIDI-NET		fido.midi-net		fido
MILHISTORY		fido.milhistory		fido
MILITARY_PEOPLE		fido.military_people	fido
MILITIA			fido.militia		fido
MISSING			fido.missing		fido
MISSING_CHILD		fido.missing_child	fido
ML-BASEBALL		fido.ml-baseball	fido
MLM			fido.mlm		fido
MODEM			fido.modem		fido
MODEMS			fido.modems		fido
MODERATOR		fido.moderator		fido
MODR8TR			fido.modr8tr		fido
MONTE			fido.monte		fido
MOORCOCK		fido.moorcock		fido
MORMON			fido.mormon		fido
MOSCOW_OKLAHOMA		fido.moscow_oklahoma	fido
MOTORCYCLE		fido.motorcycle		fido
MSGED_ECHO		fido.msged_echo		fido
MST3K			fido.mst3k		fido
MS_EXCEL		fido.ms_excel		fido
MS_WORD			fido.ms_word		fido
MTG_UK			fido.mtg_uk		fido
MTG_WOC			fido.mtg_woc		fido
MUFFIN			fido.muffin		fido
MULT-SCLEROSIS		fido.mult-sclerosis	fido
MUSE			fido.muse		fido
MUSIC			fido.music		fido
MUSICIAN		fido.musician		fido
MUSIC_CONTACTS		fido.music_contacts	fido
MUSIC_UK		fido.music_uk		fido
MW_GENE			fido.mw_gene		fido
MYSTERY			fido.mystery		fido
MYTHOLOGY		fido.mythology		fido
NANFE			fido.nanfe		fido
NASCAR			fido.nascar		fido
NATURIST		fido.naturist		fido
NAT_FLEA_MKT		fido.nat_flea_mkt	fido
NAVY			fido.navy		fido
NBA_ECHO		fido.nba_echo		fido
NEEDLES_THREADS		fido.needles_threads	fido
NETSCAPE		fido.netscape		fido
NET_DEV			fido.net_dev		fido
NEUROLOGY		fido.neurology		fido
NEWAGE_THOUGHT		fido.newage_thought	fido
NEWMUSIC		fido.newmusic		fido
NEWSCHAT		fido.newschat		fido
NEW_AGE_ECHO		fido.new_age_echo	fido
NEW_SYSOP		fido.new_sysop		fido
NEW_SYSOP_UK		fido.new_sysop_uk	fido
NEXUS			fido.nexus		fido
NFB-TALK		fido.nfb-talk		fido
NFL			fido.nfl		fido
NONSPORT_CARDS		fido.nonsport_cards	fido
NOPIRACY		fido.nopiracy		fido
NORML			fido.norml		fido
NOVELL			fido.novell		fido
NURSES_NETWORK		fido.nurses_network	fido
NUTRITION		fido.nutrition		fido
NU_SUPPORT		fido.nu_support		fido
NZ_AMRAD		fido.nz_amrad		fido
NZ_BBS			fido.nz_bbs		fido
NZ_BUYSELL		fido.nz_buysell		fido
NZ_COMMS		fido.nz_comms		fido
NZ_COMM_BUYSELL		fido.nz_comm_buysell	fido
NZ_DEMO			fido.nz_demo		fido
NZ_DISTRIBUTION		fido.nz_distribution	fido
NZ_ECHO			fido.nz_echo		fido
NZ_FIDONET		fido.nz_fidonet		fido
NZ_FISHING		fido.nz_fishing		fido
NZ_GAMES		fido.nz_games		fido
NZ_GENEALOGY		fido.nz_genealogy	fido
NZ_HUMOUR		fido.nz_humour		fido
NZ_INERNET		fido.nz_internet	fido
NZ_INTERNET		fido.nz_internet	fido
NZ_LOWLEVEL		fido.nz_lowlevel	fido
NZ_MUSIC		fido.nz_music		fido
NZ_PARANORMAL		fido.nz_paranormal	fido
NZ_PASCAL		fido.nz_pascal		fido
NZ_PHILOSOPHY		fido.nz_philosophy	fido
NZ_POLS			fido.nz_pols		fido
NZ_RELIGION		fido.nz_religion	fido
NZ_RPG			fido.nz_rpg		fido
NZ_RPG_CHAT		fido.nz_rpg_chat	fido
NZ_SF			fido.nz_sf		fido
NZ_SPACE		fido.nz_space		fido
NZ_STARTREK		fido.nz_startrek	fido
NZ_TECH			fido.nz_tech		fido
NZ_WINDOWS		fido.nz_windows		fido
OBSOLETE		fido.obsolete		fido
OCCULT_CHAT		fido.occult_chat	fido
OFFLINE			fido.offline		fido
OLDCARS			fido.oldcars		fido
OLD_ENGINE		fido.old_engine		fido
ON_LINE_GAMES		fido.on_line_games	fido
OPENDOORS		fido.opendoors		fido
OPEN_BIBLE		fido.open_bible		fido
OS-DEBATE		fido.os-debate		fido
OS2			fido.os2		fido
OS2BBS			fido.os2bbs		fido
OS2COMM			fido.os2comm		fido
OS2DOS			fido.os2dos		fido
OS2DOSBBS		fido.os2dosbbs		fido
OS2GAMES		fido.os2games		fido
OS2HW			fido.os2hw		fido
OS2INET			fido.os2inet		fido
OS2LAN			fido.os2lan		fido
OS2PROC			fido.os2proc		fido
OS2PROG			fido.os2prog		fido
OS2REXX			fido.os2rexx		fido
OS9			fido.os9		fido
OSDEBATE		fido.osdebate		fido
OTHERNETS		fido.othernets		fido
OT_SUPPORT		fido.ot_support		fido
P5DRAFT			fido.p5draft		fido
PACKET			fido.packet		fido
PARANORM		fido.paranorm		fido
PARENTS			fido.parents		fido
PARROTS			fido.parrots		fido
PASCAL			fido.pascal		fido
PASCAL_LESSONS		fido.pascal_lessons	fido
PAUK_REVERE		fido.paul_revere	fido
PAUL_REVERE		fido.paul_revere	fido
PCBOARD			fido.pcboard		fido
PCUG			fido.pcug		fido
PC_ADDICT		fido.pc_addict		fido
PDNECHO			fido.pdnecho		fido
PENPAL			fido.penpal		fido
PENPAL2_UK		fido.penpal2_uk		fido
PERL			fido.perl		fido
PET_CHAT		fido.pet_chat		fido
PGMRS			fido.pgmrs		fido
PHARMACY		fido.pharmacy		fido
PHIL			fido.phil		fido
PHILOSOPHY		fido.philosophy		fido
PHONES			fido.phones		fido
PHOTO			fido.photo		fido
PHOTOGRAPHY		fido.photography	fido
PHYSICS			fido.physics		fido
PINK			fido.pink		fido
PKEY_DROP		fido.pkey_drop		fido
PLATINUM_XPRESS		fido.platinum_xpress	fido
POETRY_WORKSHOP		fido.poetry_workshop	fido
POHE			fido.pohe		fido
POINTS			fido.points		fido
POLISH			fido.polish		fido
POLITICS		fido.politics		fido
PORTAL			fido.portal		fido
POWERPC			fido.powerpc		fido
POWER_BAS		fido.power_bas		fido
PPI_MODEMS		fido.ppi_modems		fido
PRATCHETT		fido.pratchett		fido
PREMIER_LEAGUE		fido.premier_league	fido
PROBOARD		fido.proboard		fido
PROMOTE_BBS		fido.promote_bbs	fido
PROSE&VERSE		fido.prose_and_verse	fido
PROTOSTAR		fido.protostar		fido
PROWRITE		fido.prowrite		fido
PRO_AUDIO		fido.pro_audio		fido
PRO_LIFE		fido.pro_life		fido
PRO_WRESTLING		fido.pro_wrestling	fido
PSION			fido.psion		fido
PS_DAILY		fido.ps_daily		fido
PS_WEEKLY		fido.ps_weekly		fido
PUBLIC_KEYS		fido.public_keys	fido
PUNCH			fido.punch		fido
PYRO			fido.pyro		fido
P_NEWS			fido.p_news		fido
QEDIT			fido.qedit		fido
QFRONT			fido.qfront		fido
QMODEM_USER		fido.qmodem_user	fido
QUAKE			fido.quake		fido
QUICKBBS		fido.quickbbs		fido
QUICKEN			fido.quicken		fido
QUICKPRO		fido.quickpro		fido
QUIK_BAS		fido.quik_bas		fido
QUIK_BAS_UK		fido.quik_bas_uk	fido
R19SYSOP		fido.r19sysop		fido
R19_CHAT		fido.r19_chat		fido
RACING_SPEED		fido.racing_speed	fido
RADIO_CONTROL		fido.radio_control	fido
RADIO_HOBBY-ALL		fido.radio_hobby-all	fido
RAILFANS		fido.railfans		fido
RANMA_1/2	 	fido.ranma_1_2		fido
RAR			fido.rar		fido
RAR.SUPPORT		fido.rar.support	fido
RA_32BIT		fido.ra_32bit		fido
RA_SUPPORT		fido.ra_support		fido
RA_UK			fido.ra_uk		fido
RA_UTIL			fido.ra_util		fido
RBBS-PC			fido.rbbs-pc		fido
RCM			fido.rcm		fido
READING-ROOM		fido.reading-room	fido
REAL_FREE_SPEECH	fido.real_free_speech	fido
RECFRP			fido.recfrp		fido
RECIPES			fido.recipes		fido
RECOVERY		fido.recovery		fido
REGCON			fido.regcon		fido
REGCON.EUR		fido.eur.regcon		fido
RELOAD			fido.reload		fido
RENEGADE		fido.renegade		fido
RENEGADE_BBS		fido.renegade_bbs	fido
RENEGADE_UTILS		fido.renegade_utils	fido
REPUBLICAN		fido.republican		fido
RIBBS			fido.ribbs		fido
RIGHTS			fido.rights		fido
ROBOTECH		fido.robotech		fido
ROFC			fido.rofc		fido
ROK			fido.rok		fido
ROOTS_MUSIC		fido.roots_music	fido
RPG_GENERAL		fido.rpg_general	fido
RTKBA			fido.rtkba		fido
R_CATHOLIC		fido.r_catholic		fido
SACRED_MAGICK		fido.sacred_magick	fido
SAILING			fido.sailing		fido
SAILOR_MOON		fido.sailor_moon	fido
SATELLITE		fido.satellite		fido
SAT_TV_EUROPE		fido.sat_tv_europe	fido
SB-NASA_NEWS		fido.sb-nasa_news	fido
SB-NASA_TECH		fido.sb-nasa_tech	fido
SB-QUESTIONS		fido.sb-questions	fido
SB-SAT_TRACK		fido.sb-sat_track	fido
SB-SOLAR_RPT		fido.sb-solar_rpt	fido
SB-SYSOPS		fido.sb-sysops		fido
SB-WORLD_NWS		fido.sb-world_nws	fido
SCANRADIO		fido.scanradio		fido
SCI&TECH		fido.sci_and_tech	fido
SCIENCE			fido.science		fido
SCN-CHEAT		fido.scn-cheat		fido
SCOUTER			fido.scouter		fido
SCOUTING		fido.scouting		fido
SCUBA			fido.scuba		fido
SEARCHLIGHT		fido.searchlight	fido
SET			fido.set		fido
SEW_&_QUILT		fido.sew_and_quilt	fido
SE_GENEALOGY		fido.se_genealogy	fido
SF			fido.sf			fido
SFFAN			fido.sffan		fido
SHAREWARE_SUPPORT	fido.shareware_support	fido
SHAREWRE		fido.sharewre		fido
SHARP_POINTS		fido.sharp_points	fido
SHORTWAVE		fido.shortwave		fido
SHOTGUN			fido.shotgun		fido
SHOTGUN_UK		fido.shotgun_uk		fido
SILENTTALK		fido.silenttalk		fido
SILVER_XPRESS		fido.silver_xpress	fido
SIM			fido.sim		fido
SIMPSONS		fido.simpsons		fido
SINGLE_DADS		fido.single_dads	fido
SINGLE_MOMS		fido.single_moms	fido
SINGLE_PARENT		fido.single_parent	fido
SIP_AA			fido.sip_aa		fido
SIP_ACA			fido.sip_aca		fido
SIP_ALANON		fido.sip_alanon		fido
SIP_INCEST		fido.sip_incest		fido
SIP_NA			fido.sip_na		fido
SIP_SURVIVOR		fido.sip_survivor	fido
SKEPTIC			fido.skeptic		fido
SLIDERS			fido.sliders		fido
SMEG			fido.smeg		fido
SMOKERS_RIGHTS		fido.smokers_rights	fido
SOAPS			fido.soaps		fido
SOUNDOFF		fido.soundoff		fido
SOUTH_TEXAS		fido.south_texas	fido
SOU_STAR		fido.sou_star		fido
SPACE			fido.space		fido
SPECTRUM		fido.spectrum		fido		
SPINAL_INJURY		fido.spinal_injury	fido
SPIRITUAL		fido.spiritual		fido
SPITFIRE		fido.spitfire		fido
SPORTS			fido.sports		fido
SPORTS_UK		fido.sports_uk		fido
SPOT			fido.spot		fido
SP_GENERAL		fido.sp_general		fido
SRGAMES			fido.srgames		fido
STAMPS			fido.stamps		fido
STARGATE		fido.stargate		fido
STARTREK		fido.startrek		fido
STARTREK_CCG		fido.startrek_ccg	fido
STARTREK_RPG		fido.startrek_rpg	fido
STARWARS		fido.starwars		fido
STARWARS_UK		fido.starwars_uk	fido
STATESIDE_PENPALS	fido.stateside_penpals	fido
STDSN			fido.stdsn		fido
STOCK_MARKET		fido.stock_market	fido
STOP_SMOKING		fido.stop_smoking	fido
STRATEGY		fido.strategy		fido
STRESS_MGMT		fido.stress_mgmt	fido
STTNG			fido.sttng		fido
STUDENT			fido.student		fido
ST_PROG			fido.st_prog		fido
SUPERBBS		fido.superbbs		fido
SUPRA			fido.supra		fido
SUPRAFAX		fido.suprafax		fido
SURVIVOR		fido.survivor		fido
SYNCDATA		fido.syncdata		fido
SYNCHRONET		fido.synchronet		fido
SYNC_SYSOPS		fido.sync_sysops	fido
SYS4SALE		fido.sys4sale		fido
SYSOP			fido.sysop		fido
SYSOPS			fido.sysops		fido
SYSTEM7			fido.system7		fido
S_KING			fido.s_king		fido
T-MAIL.SUPPORT		fido.t-mail.support	fido
T-MAIL.UTIL		fido.t-mail.util	fido
TABLATURE		fido.tablature		fido
TAG			fido.tag		fido
TAGLINES		fido.taglines		fido
TAGLINES_UK		fido.taglines_uk	fido
TBBS			fido.tbbs		fido
TCPIP			fido.tcpip		fido
TCRSCHAT		fido.tcrschat		fido
TCRSFILEBONE		fido.tcrsfilebone	fido
TCRSSTATS		fido.tcrsstats		fido
TCRSVOTE		fido.tcrsvote		fido
TCRS_ADMIN		fido.tcrs_admin		fido
TEAMOS2			fido.teamos2		fido
TECH			fido.tech		fido
TEEN			fido.teen		fido
TELEMATE		fido.telemate		fido
TELIX			fido.telix		fido
TENNIS			fido.tennis		fido
TENN_GEN		fido.tenn_gen		fido
TERMINAT		fido.terminat		fido
TERMINATE_UK		fido.terminate_uk	fido
TG_SUPPORT		fido.tg_support		fido
THE-BIBLE		fido.the-bible		fido
THEATRE			fido.theatre		fido
THEIST_WATCH		fido.theist_watch	fido
THERAPY_SERVICE_DOG	fido.therapy_service_dog	fido
THE_CURE_NETWORK	fido.the_cure_network	fido
TI-ECHO			fido.ti-echo		fido
TOONS			fido.toons		fido
TOTT			fido.tott		fido
TOTT_ROCK		fido.tott_rock		fido
TOTT_SYSOP		fido.tott_sysop		fido
TPASCAL			fido.tpascal		fido
TRADE_WARS		fido.trade_wars		fido
TRAINS			fido.trains		fido
TRAK-ONE-FILES		fido.trak-one-files	fido
TRANSAMIGA		fido.transamiga		fido
TRANSATLANTIC_TALK	fido.transatlantic_talk	fido
TRANSPORT		fido.transport		fido
TRAPDOOR		fido.trapdoor		fido
TRAVEL			fido.travel		fido
TREK			fido.trek		fido
TREK.UK			fido.uk.trek		fido
TREKTECH		fido.trektech		fido
TREK_CREATIVE		fido.trek_creative	fido
TREK_HUMOR_FILK		fido.trek_humor_filk	fido
TREK_RANKS_UK		fido.trek_ranks_uk	fido
TREK_VOYAGER		fido.trek_voyager	fido
TRIBBS			fido.tribbs		fido
TRIUS			fido.trius		fido
TRI_SYSOP		fido.tri_sysop		fido
TRS-MOD134		fido.trs-mod134		fido
TUB			fido.tub		fido
TV			fido.tv			fido
TVRO			fido.tvro		fido
UFGATE			fido.ufgate		fido
UFO			fido.ufo		fido
UK-OFFTOPIC		fido.uk-offtopic	fido
UKSCH_HIGH		fido.uksch_high		fido
UKSCH_SIXTH		fido.uksch_sixth	fido
UK_FILE_DIST		fido.uk_file_dist	fido
UK_FILE_FIND		fido.uk_file_find	fido
UK_HST			fido.uk_hst		fido
UK_OZ			fido.uk_oz		fido
UK_SALES		fido.uk_sales		fido
UNIX			fido.unix		fido
USA_EURLINK		fido.usa_eurlink	fido
USR_MODEMS		fido.usr_modems		fido
USR_SPORTSTERS		fido.usr_sportsters	fido
VBBS			fido.vbbs		fido
VEGAN			fido.vegan		fido
VEGETARIAN		fido.vegetarian		fido
VFIDO			fido.vfido		fido
VGA.PLANETS		fido.vga.planets	fido
VIA_SOFT		fido.via_soft		fido
VICARS			fido.vicars		fido
VIDEO			fido.video		fido
VID_GAME		fido.vid_game		fido
VIETNAM_VETS		fido.vietnam_vets	fido
VIN_MAISON		fido.vin_maison		fido
VIRUS			fido.virus		fido
VIRUS_INFO		fido.virus_info		fido
VIRUS_NFO		fido.virus_nfo		fido
VISUAL_BASIC		fido.visual_basic	fido
WARNING			fido.warning		fido
WC!_CHAT		fido.wc_chat		fido
WC4DOS			fido.wc4dos		fido
WC4_32BIT		fido.wc4_32bit		fido
WCCODE			fido.wccode		fido
WC_TECH			fido.wc_tech		fido
WEATHER			fido.weather		fido
WEB-CONSTRUCT		fido.web-construct	fido
WELFARE			fido.welfare		fido
WGW			fido.wgw		fido
WHAT'S_HOT!		fido.what_s_hot		fido
WHITEHOUSE		fido.whitehouse		fido
WHITEHOUSE_TALK		fido.whitehouse_talk	fido
WHO			fido.who		fido
WHOLLY_BIBLE		fido.wholly_bible	fido
WILDCAT			fido.wildcat		fido
WILDCAT4		fido.wildcat4		fido
WILDCAT5		fido.wildcat5		fido
WILDRNSS		fido.wildrnss		fido
WIN.SYSOP		fido.win.sysop		fido
WIN32			fido.win32		fido
WIN95			fido.win95		fido
WINDOWS			fido.windows		fido
WINDOWS-NT		fido.windows-nt		fido
WINDOWS-NT_BBS		fido.windows-nt_bbs	fido
WINDOWS.PROG		fido.windows.prog	fido
WINDOWS_UK		fido.windows_uk		fido
WIN_95			fido.win_95		fido
WIN_ACCESS		fido.win_access		fido
WNFOSSIL		fido.wnfossil		fido
WOODYS_LINKS		fido.woodys_links	fido		
WOODY_STATS		fido.woody_stats	fido
WORKBENCH		fido.workbench		fido
WORLDTLK		fido.worldtlk		fido
WPERFECT		fido.wperfect		fido
WRESTLING		fido.wrestling		fido
WRESTLING_CHAT		fido.wrestling_chat	fido
WRITING			fido.writing		fido
WUNDERMENT		fido.wunderment		fido
X-FILES			fido.x-files		fido
X00_USER		fido.x00_user		fido
XENIA			fido.xenia		fido
XPOINT_UK		fido.xpoint_uk		fido
YOUNG_ADULT		fido.young_adult	fido
Z1_BACKBONE		fido.z1_backbone	fido
Z1_CHAT			fido.z1_chat		fido
Z1_ELECTION		fido.z1_election	fido
Z1_FIDONET		fido.z1_fidonet		fido
Z1_POLITICAL		fido.z1_political	fido
ZEC			fido.zec		fido
ZONE3_SPORT		fido.zone3_sport	fido
ZONE3_TECH		fido.zone3_tech		fido
ZOOM			fido.zoom		fido
ZYMURGY			fido.zymurgy		fido
ZYXEL			fido.zyxel		fido
{COMMO}			fido._commo_		fido

# szwecja

R20_AMIGA		fido.r20.amiga		fido
R20_ASM			fido.r20.asm		fido
R20_CHAT		fido.r20.chat		fido
R20_CSV			fido.r20.csv		fido
R20_DATORKRIG		fido.r20.datorkrig	fido
R20_ENGLISH		fido.r20.english	fido
R20_FD			fido.r20.fd		fido
R20_FIDONET		fido.r20.fidonet	fido
R20_GLAD		fido.r20.glad		fido
R20_HARD		fido.r20.hard		fido
R20_INTRESSE		fido.r20.intresse	fido
R20_INTR_KOM		fido.r20.intr_kom	fido
R20_KINKYSEX		fido.r20.kinkysex	fido
R20_LINUX		fido.r20.linux		fido
R20_MUSIC		fido.r20.music		fido
R20_NEWPROG		fido.r20.newprog	fido
R20_OPERATIVSYSTEM	fido.r20.operativsystem	fido
R20_OS2NEW		fido.r20.os2new		fido
R20_POLITIX		fido.r20.politix	fido
R20_POP			fido.r20.pop		fido
R20_RASISM		fido.r20.rasism		fido
R20_RELIGION		fido.r20.religion	fido
R20_SOS			fido.r20.sos		fido
R20_SPELKONSOLL		fido.r20.spelkonsoll	fido
R20_TEEN		fido.r20.teen		fido
R20_TI			fido.r20.ti		fido
R20_TV			fido.r20.tv		fido
R20_WIN_95		fido.r20.win_95		fido

# bulgarskie

BG.UUE			fido.bg.uue		fido
BG.VIRUS		fido.bg.virus		fido
BG.PRIVATE		fido.bg.private		fido
BG.FUCK			fido.bg.fuck		fido
BG.GAMES		fido.bg.games		fido
BG.INTL			fido.bg.intl		fido
BG.PROG			fido.bg.prog		fido
BG.CULTURE		fido.bg.culture		fido
BG.FUN			fido.bg.fun		fido
BG.INTERNET		fido.bg.internet	fido
BG.COMM			fido.bg.comm		fido
BG.MISC			fido.bg.misc		fido
BG.OS			fido.bg.os		fido
BG.SF_LINK		fido.bg.sf_link		fido
BG.PARTY		fido.bg.pary		fido
BG.PROBLEM		fido.bg.problem		fido
BG.APPLE		fido.bg.apple		fido
BG.PSY_ADVICE		fido.bg.psy_advice	fido

# SexNet

GIELDA.69		sexnet.gielda		sexnet
INACZEJ.69		sexnet.inaczej		sexnet
INTERSEX.69		sexnet.intersex		sexnet
KAWALY.69		sexnet.kawaly		sexnet
OBRAZKI.69		sexnet.obrazki		sexnet
OPOWIESCI.69		sexnet.opowiesci	sexnet
SEXCHAT.69		sexnet.sexchat		sexnet
STAROWICZ.69		sexnet.starowicz	sexnet
SYSOP.69		sexnet.sysop		sexnet
TECH.69			sexnet.tech		sexnet

# AmigaNet

AMIGA-E_AMY		amiganet.amiga-e	amiga
AREXX_AMY		amiganet.arexx		amiga
AUDIO_AMY		amiganet.audio		amiga
BBSNEWS_AMY		amiganet.bbsnews	amiga
BBSSOFT_AMY		amiganet.bbssoft	amiga
BLITZ_AMY		amiganet.blitz		amiga
COMMS_AMY		amiganet.comms		amiga
DIRUTILS_AMY		amiganet.dirutils	amiga
EMULATORS_AMY		amiganet.emulators	amiga
GAMES_AMY		amiganet.games		amiga
GFXBOARDS_AMY		amiganet.gfxboards	amiga
GMS_AMY			amiganet.gsm		amiga
GMS_AMY.POL		amiganet.pol.gms	amiga
GPFAX_AMY		amiganet.gpfax		amiga
GVP_AMY			amiganet.gvp		amiga
HARD_AMY		amiganet.hard		amiga
HSMODS_AMY		amiganet.hsmods		amiga
LINK_AMY		amiganet.link		amiga
LINK_AMY.POL		amiganet.pol.link	amiga
MM_AMY			amiganet.mm		amiga
MM_AMY.POL		amiganet.pol.mm		amiga
N110AMY.LINK		amiganet.link.n110	amiga
NEW2C_AMY		amiganet.new2c		amiga
NEWS_AMY		amiganet.news		amiga
PD_AMY			amiganet.pd		amiga
QUEST_AMY		amiganet.quest		amiga
R20_AMY.POL		amiganet.pol.r20	amiga
SOFT_AMY		amiganet.soft		amiga
SPOT_AMY		amiganet.spot		amiga
SYSOP_AMY		amiganet.sysop		amiga
SYSOP_AMY.POL		amiganet.pol.sysop	amiga
UGROUP_AMY		amiganet.ugroup		amiga
VIRUS_AMY		amiganet.virus		amiga
Z39_AMY			amiganet.z39		amiga
Z39_SYSOP_AMY		amiganet.z39_sysop	amiga
ZEUS_AMY		amiganet.zeus		amiga

# alt.*

ALT.ASCII-ART			alt.ascii-art			world
ALT.BBS.INIQUITY		alt.bbs.iniquity		world
ALT.GUITAR.TAB			alt.guitar.tab			world

ALT.DRUGS			alt.drugs			world
ALT.DRUGS.CAFFEINE		alt.drugs.caffeine		world
ALT.DRUGS.CAFFEINE.CTL		alt.drugs.caffeine.ctl		world
ALT.DRUGS.CHEMISTRY		alt.drugs.chemistry		world
ALT.DRUGS.CULTURE		alt.drugs.culture		world
ALT.DRUGS.HARD			alt.drugs.hard			world
ALT.DRUGS.POT			alt.drugs.pot			world
ALT.DRUGS.POT.CULTIVATION	alt.drugs.pot.cultivation	world
ALT.DRUGS.PSYCHEDELICS		alt.drugs.psychedelics		world
ALT.DRUGS.USENET		alt.drugs.usenet		world

ALT.SYS.AMIGA.BLITZ		alt.sys.amiga.blitz		world
ALT.SYS.AMIGA.DEMOS		alt.sys.amiga.demos		world
ALT.SYS.AMIGA.UUCP		alt.sys.amiga.uucp		world
ALT.SYS.AMIGA.UUCP.PATCHES	alt.sys.amiga.uucp.patches	world

ALT.AMIGA			alt.amiga			world
ALT.AMIGA.SLIP			alt.amiga.slip			world

# rec.*

REC.AQUARIA			rec.aquaria			world
REC.AQUARIA.FRESHWATER		rec.aquaria.freshwater.misc	world
REC.AQUARIA.FRESHWATER.CICHILDS rec.aquaria.freshwater.cichlids	world
REC.AQUARIA.FRESHWATER.GOLDFISH	rec.aquaria.freshwater.goldfish	world
REC.AQUARIA.FRESHWATER.PLANTS	rec.aquaria.freshwater.plants	world
REC.AQUARIA.MARINE.MISC		rec.aquaria.marine.misc		world
REC.AQUARIA.MARINE.REEFS	rec.aquaria.marine.reefs	world
REC.AQUARIA.MARKETPLACE		rec.aquaria.marketplace		world
REC.AQUARIA.MISC		rec.aquaria.misc		world
REC.AQUARIA.TECH		rec.aquaria.tech		world

# unholynet

UN.10GOTO10.POL		un.pol.10goto10		un
UN.BBS.SYSOPS		un.sysops.bbs		un
UN.RPG.POL		un.pol.rpg		un
UN.CHAT.BBS.POL		un.pol.chat.bbs		un
UN.CHAT.POL		un.pol.chat		un
UN.CI.POL		un.pol.ci		un
UN.FILES		un.files		un
UN.FORWARDS.POL		un.pol.forwards		un
UN.GORAL.POL		un.pol.goral		un
UN.GRAFIKA.POL		un.pol.grafika		un
UN.GRY.POL		un.pol.gry		un
UN.GRY.RPG.POL		un.pol.gry.rpg		un
UN.HANDEL.POL		un.pol.handel		un
UN.HARDWARE.POL		un.pol.hardware		un
UN.KAWALY.POL		un.pol.kawaly		un
UN.MUZYKA.POL		un.pol.muzyka		un
UN.NIECENZ.POL		un.pol.niecenz		un
UN.POEZJA.POL		un.pol.poezja		un
UN.SFF.POL		un.pol.sff		un
UN.SYSOPS.POL		un.pol.sysops		un
UN.TEST			un.test			un
UN.TV.POL		un.pol.tv		un
UN.UNHOLY.POL		un.pol.unholy		un

# allnet

ALL.ALLNET.POL		all.pol.allnet		all
ALL.BBS.POL		all.pol.bbs		all
ALL.BUY.POL		all.pol.buy		all
ALL.CHAT.POL		all.pol.chat		all
ALL.FILES.POL		all.pol.files		all
ALL.GRY.POL		all.pol.gry		all
ALL.INTERNET.POL	all.pol.internet	all
ALL.POINTS.POL		all.pol.points		all
ALL.TEST.POL		all.pol.test		all
ALL.WARSZAWA.LOC	all.loc.warszawa	all
TECH.20			all.tech-20		all

# local

IG.GSM-L		ya.test3		fido
PSYCH.TEST		psych.test		local
ZWIERACZ.TEST1		zw.test1		local

# terrorgarden

MOURNING.WOOD			tg.mourning.wood			tg
MIEDZY-SZCZACA-A-PIERDZACA.TOC	tg.toc.miedzy-szczaca-a-pierdzaca	tg
KAKALO.TOC			tg.toc.kakalo				tg
IKNE'EKA'A			tg.ikne-eka-a				tg

# listserv

LISTSERV.RPG-POZNAN-L		listserv.rpg-poznan-l	local
LISTSERV.IDEEFIXE		listserv.ideefixe	local
LISTSERV.ATARI8PL-L		listserv.atari8pl-l	local
LISTSERV.ATARI8-L		listserv.atari8-l	local
LISTSERV.CLASSICCMP		listserv.classiccmp	local
LISTSERV.GENOS			listserv.genos		local
LISTSERV.NET-PROG-PL-L		listserv.net-prog-pl-l	local
LISTSERV.GWIEZDNY-KUPIEC-L	listserv.gwiezdny-kupiec-l local
LiSTSERV.PLUG			Listserv.plug		local
LISTSERV.SHADOWRN		listserv.shadowrn	local

# Line with a single '*' in the "newsgroup" field defines default areatag.
# '*' in the "AREA" field, if present, is expanded to the original
# newsgroup (converted to uppercase).  (Distribution is insignificant).
#
# If you define it, an FTN message will be generated for each newsgroup in
# the Newsgroups: header, even if you're not linked to it, and an ECHO doesn't
# really exist for it. Is better not to define.

#U_*                     *
 
# Line with a single '*' in the "AREA" field defines default newsgroup
# and distribution.  '*' in the "newsgroup" field, if present, is expanded
# to the original areatag (converted to lowcase).

*                       ftn.*                  	local

# You can specify a line with a single asterisk in the "AREA" field and
# a single asterisk in the "newsgroup" field.  It will cause a reversible
# conversion - areatag will be an uppercased newsgroup, and a newsgroup 
# will be a lowercased areatag.  This is not recommended.

# *                     *                       world
